{"cameraMode":{"drawMode":0,"name":"Shaded","section":"Shading Mode"},"sceneLighting":false,"audioPlay":false,"sceneViewState":{"m_AlwaysRefresh":false,"showFog":true,"showSkybox":false,"showFlares":true,"showImageEffects":true,"showParticleSystems":true,"showVisualEffectGraphs":true,"m_FxEnabled":true},"in2DMode":false,"pivot":{"x":-2.989100694656372,"y":-0.4431857466697693,"z":-2.391178846359253},"rotation":{"x":0.0010431255213916302,"y":0.9851219058036804,"z":-0.17195473611354829,"w":0.006215554196387529},"size":6.906631946563721,"orthographic":false}