{"cameraMode":{"drawMode":0,"name":"Shaded","section":"Shading Mode"},"sceneLighting":false,"audioPlay":false,"sceneViewState":{"m_AlwaysRefresh":false,"showFog":true,"showSkybox":false,"showFlares":true,"showImageEffects":true,"showParticleSystems":true,"showVisualEffectGraphs":true,"m_FxEnabled":true},"in2DMode":false,"pivot":{"x":7.779689311981201,"y":3.690077304840088,"z":2.6436214447021486},"rotation":{"x":0.12810441851615907,"y":0.11310841143131256,"z":-0.014730769209563733,"w":0.9851833581924439},"size":8.860628128051758,"orthographic":false}