{"cameraMode":{"drawMode":0,"name":"Shaded","section":"Shading Mode"},"sceneLighting":true,"audioPlay":false,"sceneViewState":{"m_AlwaysRefresh":false,"showFog":true,"showSkybox":true,"showFlares":true,"showImageEffects":true,"showParticleSystems":true,"showVisualEffectGraphs":true,"m_FxEnabled":true},"in2DMode":false,"pivot":{"x":-3.238548517227173,"y":3.1760857105255129,"z":-2.4011244773864748},"rotation":{"x":0.044720135629177096,"y":0.9552069902420044,"z":-0.20092669129371644,"w":0.21291400492191316},"size":16.775606155395509,"orthographic":false}