{"cameraMode":{"drawMode":0,"name":"Shaded","section":"Shading Mode"},"sceneLighting":false,"audioPlay":false,"sceneViewState":{"m_AlwaysRefresh":false,"showFog":true,"showSkybox":false,"showFlares":true,"showImageEffects":true,"showParticleSystems":true,"showVisualEffectGraphs":true,"m_FxEnabled":true},"in2DMode":false,"pivot":{"x":7.864251136779785,"y":2.6201202869415285,"z":-0.17142605781555177},"rotation":{"x":-0.15858472883701325,"y":-0.026068296283483506,"z":0.004177515394985676,"w":-0.987015962600708},"size":1.165058970451355,"orthographic":false}