{"cameraMode":{"drawMode":0,"name":"Shaded","section":"Shading Mode"},"sceneLighting":false,"audioPlay":false,"sceneViewState":{"m_AlwaysRefresh":false,"showFog":true,"showSkybox":false,"showFlares":true,"showImageEffects":true,"showParticleSystems":true,"showVisualEffectGraphs":true,"m_FxEnabled":true},"in2DMode":false,"pivot":{"x":11.262884140014649,"y":1.1424806118011475,"z":-1.0474921464920045},"rotation":{"x":-0.12438833713531494,"y":0.039278484880924228,"z":-0.004927139263600111,"w":-0.9914458990097046},"size":2.0775949954986574,"orthographic":false}