{"cameraMode":{"drawMode":0,"name":"Shaded","section":"Shading Mode"},"sceneLighting":false,"audioPlay":false,"sceneViewState":{"m_AlwaysRefresh":false,"showFog":true,"showSkybox":false,"showFlares":true,"showImageEffects":true,"showParticleSystems":true,"showVisualEffectGraphs":true,"m_FxEnabled":true},"in2DMode":false,"pivot":{"x":0.12205734848976135,"y":0.3659205436706543,"z":-0.08490943908691406},"rotation":{"x":-0.028797483071684839,"y":0.02458128146827221,"z":-0.0006840869318693876,"w":-0.9992768168449402},"size":0.7889866828918457,"orthographic":false}