{"cameraMode":{"drawMode":0,"name":"Shaded","section":"Shading Mode"},"sceneLighting":true,"audioPlay":false,"sceneViewState":{"m_AlwaysRefresh":false,"showFog":true,"showSkybox":true,"showFlares":true,"showImageEffects":true,"showParticleSystems":true,"showVisualEffectGraphs":true,"m_FxEnabled":true},"in2DMode":false,"pivot":{"x":-0.5850970149040222,"y":1.2884186506271363,"z":-9.412708282470704},"rotation":{"x":0.005885016173124313,"y":0.9871154427528381,"z":-0.15556448698043824,"w":0.03733108192682266},"size":3.0775694847106935,"orthographic":false}