{"cameraMode":{"drawMode":0,"name":"Shaded","section":"Shading Mode"},"sceneLighting":true,"audioPlay":false,"sceneViewState":{"m_AlwaysRefresh":false,"showFog":true,"showSkybox":true,"showFlares":true,"showImageEffects":true,"showParticleSystems":true,"showVisualEffectGraphs":true,"m_FxEnabled":true},"in2DMode":false,"pivot":{"x":-0.44500017166137698,"y":6.000302314758301,"z":-0.357060968875885},"rotation":{"x":0.014484157785773278,"y":-0.16660535335540772,"z":-0.0024513292592018844,"w":-0.9859228134155273},"size":2.551537036895752,"orthographic":false}