{"cameraMode":{"drawMode":0,"name":"Shaded","section":"Shading Mode"},"sceneLighting":true,"audioPlay":false,"sceneViewState":{"m_AlwaysRefresh":false,"showFog":true,"showSkybox":true,"showFlares":true,"showImageEffects":true,"showParticleSystems":true,"showVisualEffectGraphs":true,"m_FxEnabled":true},"in2DMode":false,"pivot":{"x":-4.508667469024658,"y":4.9887824058532719,"z":-3.0062754154205324},"rotation":{"x":0.18371185660362245,"y":-0.02507251501083374,"z":0.004678819794207811,"w":0.9827048778533936},"size":14.581816673278809,"orthographic":false}