{"cameraMode":{"drawMode":0,"name":"Shaded","section":"Shading Mode"},"sceneLighting":true,"audioPlay":false,"sceneViewState":{"m_AlwaysRefresh":false,"showFog":true,"showSkybox":true,"showFlares":true,"showImageEffects":true,"showParticleSystems":true,"showVisualEffectGraphs":true,"m_FxEnabled":true},"in2DMode":false,"pivot":{"x":-19.393739700317384,"y":9.44015884399414,"z":0.6382226943969727},"rotation":{"x":-0.06750085204839707,"y":-0.08641480654478073,"z":0.0058732046745717529,"w":-0.9939577579498291},"size":7.127122402191162,"orthographic":false}