{"cameraMode":{"drawMode":0,"name":"Shaded","section":"Shading Mode"},"sceneLighting":true,"audioPlay":false,"sceneViewState":{"m_AlwaysRefresh":false,"showFog":true,"showSkybox":true,"showFlares":true,"showImageEffects":true,"showParticleSystems":true,"showVisualEffectGraphs":true,"m_FxEnabled":true},"in2DMode":false,"pivot":{"x":40.173309326171878,"y":37.525245666503909,"z":43.281219482421878},"rotation":{"x":-0.10512892156839371,"y":-0.23138844966888429,"z":0.025169501081109048,"w":-0.9668624401092529},"size":89.74159240722656,"orthographic":false}