{"cameraMode":{"drawMode":0,"name":"Shaded","section":"Shading Mode"},"sceneLighting":true,"audioPlay":false,"sceneViewState":{"m_AlwaysRefresh":false,"showFog":true,"showSkybox":true,"showFlares":true,"showImageEffects":true,"showParticleSystems":true,"showVisualEffectGraphs":true,"m_FxEnabled":true},"in2DMode":false,"pivot":{"x":8.326154708862305,"y":5.903740406036377,"z":-3.4472484588623049},"rotation":{"x":-0.06022777035832405,"y":0.03801734745502472,"z":-0.0023041567765176298,"w":-0.9974240660667419},"size":3.2051682472229006,"orthographic":false}