{"cameraMode":{"drawMode":0,"name":"Shaded","section":"Shading Mode"},"sceneLighting":true,"audioPlay":false,"sceneViewState":{"m_AlwaysRefresh":false,"showFog":true,"showSkybox":true,"showFlares":true,"showImageEffects":true,"showParticleSystems":true,"showVisualEffectGraphs":true,"m_FxEnabled":true},"in2DMode":false,"pivot":{"x":-2.2788455486297609,"y":2.951718807220459,"z":2.982006072998047},"rotation":{"x":0.11700781434774399,"y":-0.020540598779916765,"z":0.0024444004520773889,"w":0.9928527474403381},"size":7.238844871520996,"orthographic":false}