{"cameraMode":{"drawMode":0,"name":"Shaded","section":"Shading Mode"},"sceneLighting":true,"audioPlay":false,"sceneViewState":{"m_AlwaysRefresh":false,"showFog":true,"showSkybox":true,"showFlares":true,"showImageEffects":true,"showParticleSystems":true,"showVisualEffectGraphs":true,"m_FxEnabled":true},"in2DMode":false,"pivot":{"x":-0.8127486109733582,"y":0.1131201982498169,"z":-0.17142605781555177},"rotation":{"x":-0.15858472883701325,"y":-0.026068296283483506,"z":0.004177515394985676,"w":-0.987015962600708},"size":11.126734733581543,"orthographic":false}