{"cameraMode":{"drawMode":0,"name":"Shaded","section":"Shading Mode"},"sceneLighting":true,"audioPlay":false,"sceneViewState":{"m_AlwaysRefresh":false,"showFog":true,"showSkybox":true,"showFlares":true,"showImageEffects":true,"showParticleSystems":true,"showVisualEffectGraphs":true,"m_FxEnabled":true},"in2DMode":false,"pivot":{"x":0.007125459611415863,"y":4.450824737548828,"z":0.003964580595493317},"rotation":{"x":-0.17048905789852143,"y":0.4157485365867615,"z":-0.07965918630361557,"w":-0.8897985816001892},"size":2.539088010787964,"orthographic":false}