{"cameraMode":{"drawMode":0,"name":"Shaded","section":"Shading Mode"},"sceneLighting":true,"audioPlay":false,"sceneViewState":{"m_AlwaysRefresh":false,"showFog":true,"showSkybox":true,"showFlares":true,"showImageEffects":true,"showParticleSystems":true,"showVisualEffectGraphs":true,"m_FxEnabled":true},"in2DMode":false,"pivot":{"x":0.03189200162887573,"y":4.441041469573975,"z":-0.7141432166099548},"rotation":{"x":0.15843473374843598,"y":-0.6914758682250977,"z":0.1595812886953354,"w":0.6865273714065552},"size":0.8751835227012634,"orthographic":false}