{"cameraMode":{"drawMode":0,"name":"Shaded","section":"Shading Mode"},"sceneLighting":true,"audioPlay":false,"sceneViewState":{"m_AlwaysRefresh":false,"showFog":true,"showSkybox":true,"showFlares":true,"showImageEffects":true,"showParticleSystems":true,"showVisualEffectGraphs":true,"m_FxEnabled":true},"in2DMode":false,"pivot":{"x":-4.311801910400391,"y":13.339385986328125,"z":2.6778645515441896},"rotation":{"x":-0.03179764375090599,"y":0.01976708695292473,"z":-0.0006328588933683932,"w":-0.9993257522583008},"size":9.296533584594727,"orthographic":false}