{"cameraMode":{"drawMode":0,"name":"Shaded","section":"Shading Mode"},"sceneLighting":true,"audioPlay":false,"sceneViewState":{"m_AlwaysRefresh":false,"showFog":true,"showSkybox":true,"showFlares":true,"showImageEffects":true,"showParticleSystems":true,"showVisualEffectGraphs":true,"m_FxEnabled":true},"in2DMode":false,"pivot":{"x":5.730865478515625,"y":42.15789031982422,"z":-4.141183376312256},"rotation":{"x":0.016127316281199456,"y":-0.08777878433465958,"z":-0.0014230312081053854,"w":-0.9960173964500427},"size":68.84841918945313,"orthographic":false}