{"cameraMode":{"drawMode":0,"name":"Shaded","section":"Shading Mode"},"sceneLighting":true,"audioPlay":false,"sceneViewState":{"m_AlwaysRefresh":false,"showFog":true,"showSkybox":true,"showFlares":true,"showImageEffects":true,"showParticleSystems":true,"showVisualEffectGraphs":true,"m_FxEnabled":true},"in2DMode":false,"pivot":{"x":7.788450241088867,"y":1.8916548490524293,"z":-0.12821561098098756},"rotation":{"x":0.0011896417709067464,"y":0.01709691807627678,"z":0.000013539786777982954,"w":-0.9997870326042175},"size":4.817862510681152,"orthographic":false}