{"cameraMode":{"drawMode":0,"name":"Shaded","section":"Shading Mode"},"sceneLighting":false,"audioPlay":false,"sceneViewState":{"m_AlwaysRefresh":false,"showFog":true,"showSkybox":false,"showFlares":true,"showImageEffects":true,"showParticleSystems":true,"showVisualEffectGraphs":true,"m_FxEnabled":true},"in2DMode":false,"pivot":{"x":-3.643448829650879,"y":2.0861334800720217,"z":-1.598465919494629},"rotation":{"x":0.007098892703652382,"y":0.15891891717910767,"z":0.0011440073139965535,"w":-0.9872797727584839},"size":4.7214226722717289,"orthographic":false}