{"cameraMode":{"drawMode":0,"name":"Shaded","section":"Shading Mode"},"sceneLighting":false,"audioPlay":false,"sceneViewState":{"m_AlwaysRefresh":false,"showFog":true,"showSkybox":false,"showFlares":true,"showImageEffects":true,"showParticleSystems":true,"showVisualEffectGraphs":true,"m_FxEnabled":true},"in2DMode":false,"pivot":{"x":1.5464849472045899,"y":1.3153446912765504,"z":-1.7494462728500367},"rotation":{"x":0.00127785571385175,"y":-0.9946867227554321,"z":0.10212254524230957,"w":0.012540836818516255},"size":3.4886229038238527,"orthographic":false}