{"cameraMode":{"drawMode":0,"name":"Shaded","section":"Shading Mode"},"sceneLighting":false,"audioPlay":false,"sceneViewState":{"m_AlwaysRefresh":false,"showFog":true,"showSkybox":false,"showFlares":true,"showImageEffects":true,"showParticleSystems":true,"showVisualEffectGraphs":true,"m_FxEnabled":true},"in2DMode":false,"pivot":{"x":4.009476184844971,"y":2.6176581382751467,"z":0.16667194664478303},"rotation":{"x":-0.03188558295369148,"y":0.7308825254440308,"z":-0.03424755856394768,"w":-0.680905818939209},"size":2.7194037437438967,"orthographic":false}