{"cameraMode":{"drawMode":0,"name":"Shaded","section":"Shading Mode"},"sceneLighting":false,"audioPlay":false,"sceneViewState":{"m_AlwaysRefresh":false,"showFog":true,"showSkybox":false,"showFlares":true,"showImageEffects":true,"showParticleSystems":true,"showVisualEffectGraphs":true,"m_FxEnabled":true},"in2DMode":false,"pivot":{"x":0.8519623875617981,"y":1.6395223140716553,"z":-1.8005973100662232},"rotation":{"x":-0.03172501549124718,"y":0.06950448453426361,"z":-0.002226156648248434,"w":-0.9970695376396179},"size":0.9617166519165039,"orthographic":false}