{"cameraMode":{"drawMode":0,"name":"Shaded","section":"Shading Mode"},"sceneLighting":false,"audioPlay":false,"sceneViewState":{"m_AlwaysRefresh":false,"showFog":true,"showSkybox":false,"showFlares":true,"showImageEffects":true,"showParticleSystems":true,"showVisualEffectGraphs":true,"m_FxEnabled":true},"in2DMode":false,"pivot":{"x":0.9906614422798157,"y":1.5671074390411378,"z":-1.7320256233215333},"rotation":{"x":-0.002273794263601303,"y":0.16483958065509797,"z":-0.00039906988968141377,"w":-0.9863158464431763},"size":0.894553005695343,"orthographic":false}