{"cameraMode":{"drawMode":0,"name":"Shaded","section":"Shading Mode"},"sceneLighting":false,"audioPlay":false,"sceneViewState":{"m_AlwaysRefresh":false,"showFog":true,"showSkybox":false,"showFlares":true,"showImageEffects":true,"showParticleSystems":true,"showVisualEffectGraphs":true,"m_FxEnabled":true},"in2DMode":false,"pivot":{"x":-4.487769603729248,"y":-0.5242905616760254,"z":-2.4005274772644045},"rotation":{"x":-0.04971964284777641,"y":-0.05181664600968361,"z":0.0026079188100993635,"w":-0.9974130392074585},"size":6.049227714538574,"orthographic":false}