{"cameraMode":{"drawMode":0,"name":"Shaded","section":"Shading Mode"},"sceneLighting":false,"audioPlay":false,"sceneViewState":{"m_AlwaysRefresh":false,"showFog":true,"showSkybox":false,"showFlares":true,"showImageEffects":true,"showParticleSystems":true,"showVisualEffectGraphs":true,"m_FxEnabled":true},"in2DMode":false,"pivot":{"x":-4.487769603729248,"y":-0.5242905616760254,"z":-2.4005274772644045},"rotation":{"x":-0.2828560471534729,"y":-0.015248237177729607,"z":0.004523145500570536,"w":-0.9590290784835815},"size":7.8776679039001469,"orthographic":false}