{"cameraMode":{"drawMode":0,"name":"Shaded","section":"Shading Mode"},"sceneLighting":true,"audioPlay":false,"sceneViewState":{"m_AlwaysRefresh":false,"showFog":true,"showSkybox":true,"showFlares":true,"showImageEffects":true,"showParticleSystems":true,"showVisualEffectGraphs":true,"m_FxEnabled":true},"in2DMode":false,"pivot":{"x":38.91167068481445,"y":27.411937713623048,"z":-2.0613584518432619},"rotation":{"x":-0.0288073867559433,"y":0.02126581035554409,"z":-0.0004355452547315508,"w":-0.9995030164718628},"size":39.99456024169922,"orthographic":false}