{"cameraMode":{"drawMode":0,"name":"Shaded","section":"Shading Mode"},"sceneLighting":false,"audioPlay":false,"sceneViewState":{"m_AlwaysRefresh":false,"showFog":true,"showSkybox":false,"showFlares":true,"showImageEffects":true,"showParticleSystems":true,"showVisualEffectGraphs":true,"m_FxEnabled":true},"in2DMode":false,"pivot":{"x":-5.620436191558838,"y":0.19395971298217774,"z":-2.120837688446045},"rotation":{"x":-0.26120439171791079,"y":0.01650596596300602,"z":-0.004441571421921253,"w":-0.9651330709457398},"size":4.536170482635498,"orthographic":false}