{"cameraMode":{"drawMode":0,"name":"Shaded","section":"Shading Mode"},"sceneLighting":false,"audioPlay":false,"sceneViewState":{"m_AlwaysRefresh":false,"showFog":true,"showSkybox":false,"showFlares":true,"showImageEffects":true,"showParticleSystems":true,"showVisualEffectGraphs":true,"m_FxEnabled":true},"in2DMode":false,"pivot":{"x":-1.2013828754425049,"y":1.632944107055664,"z":0.33824145793914797},"rotation":{"x":0.020962988957762719,"y":0.9770228266716003,"z":-0.17810431122779847,"w":0.11513618379831314},"size":2.8139901161193849,"orthographic":false}